{"cameraMode":{"drawMode":0,"name":"Shaded","section":"Shading Mode"},"sceneLighting":true,"audioPlay":false,"sceneViewState":{"m_AlwaysRefresh":false,"showFog":true,"showSkybox":true,"showFlares":true,"showImageEffects":true,"showParticleSystems":true,"showVisualEffectGraphs":true,"m_FxEnabled":true},"in2DMode":false,"pivot":{"x":-0.32266396284103396,"y":-0.15566334128379823,"z":0.8458725214004517},"rotation":{"x":0.11899551004171372,"y":-0.8753471970558167,"z":0.2739562392234802,"w":0.38023751974105837},"size":3.4302563667297365,"orthographic":false}